Workbook

Sheet Início
B2: CALISTENIA MILITAR 90 DIAS — PLANILHA DE EVOLUÇÃO (VOLUME 3)
B4: Como usar esta planilha:
B5: 1. Aba DIÁRIO — preencha todos os dias (2 min): data, treino cumprido, água, sono, humor, RPE e observações.
B6: 2. Aba SEMANAL — preencha 1x por semana (5 min): peso, medidas, % de gordura e a faixa do desafio militar.
B7: As colunas de médias (água, sono, humor) e adesão são calculadas automaticamente a partir do Diário.
B8: 3. Aba AVALIAÇÕES — registre a bateria de testes nos Dias 0, 30, 60 e 90; a evolução é calculada automaticamente.
B9: 4. Aba PAINEL — gráficos e indicadores automáticos: não digite nada nela, apenas acompanhe.
B11: LEGENDA: células AMARELAS = você preenche · células BRANCAS/CINZAS = fórmulas automáticas (não editar).
B12: A linha do Dia 1 e da Semana 1 contém VALORES DE EXEMPLO — substitua pelos seus dados reais.
B13: Dica: meça-se sempre nas mesmas condições (manhã, jejum) e nos mesmos pontos (Manual, Cap. 1.2).
B15: TREINE COMO UM SOLDADO. RECUPERE COMO UM ATLETA. MEÇA COMO UM ENGENHEIRO.

Sheet Painel
B2: PAINEL DE COMANDO — INDICADORES AUTOMÁTICOS
B4: Dias registrados | C4: =COUNTA(Diário!C3:C92) -> 1 | D4: Treinos cumpridos | E4: =COUNTIF(Diário!D3:D92,"Sim") -> 1
B6: Adesão geral | C6: =IFERROR(COUNTIF(Diário!D3:D92,"Sim")/COUNTA(Diário!C3:C92),"") -> 1 | D6: Água média (L/dia) | E6: =IFERROR(AVERAGE(Diário!E3:E92),"") -> 2.8
B8: Sono médio (h) | C8: =IFERROR(AVERAGE(Diário!F3:F92),"") -> 7.5 | D8: Humor médio (1–5) | E8: =IFERROR(AVERAGE(Diário!G3:G92),"") -> 4
B10: Último peso registrado (kg) | C10: =IFERROR(LOOKUP(2,1/(Semanal!B3:B15<>""),Semanal!B3:B15),"") -> 84 | D10: Variação de peso (kg) | E10: =IFERROR(LOOKUP(2,1/(Semanal!B3:B15<>""),Semanal!B3:B15)-Semanal!B3,"") -> 0
B12: Última cintura (cm) | C12: =IFERROR(LOOKUP(2,1/(Semanal!C3:C15<>""),Semanal!C3:C15),"") -> 96 | D12: Variação de cintura (cm) | E12: =IFERROR(LOOKUP(2,1/(Semanal!C3:C15<>""),Semanal!C3:C15)-Semanal!C3,"") -> 0

Sheet Diário
A1: REGISTRO DIÁRIO — 90 DIAS (amarelo = preencher)
A2: Dia | B2: Semana | C2: Data | D2: Treino cumprido? | E2: Água (L) | F2: Sono (h) | G2: Humor (1–5) | H2: RPE (1–10) | I2: Observações
A3: 1 | B3: =ROUNDUP(A3/7,0) -> 1 | C3: 46220 | D3: Sim | E3: 2.8 | F3: 7.5 | G3: 4 | H3: 7 | I3: Exemplo — substitua pelos seus dados
A4: 2 | B4: =ROUNDUP(A4/7,0) -> 1
A5: 3 | B5: =ROUNDUP(A5/7,0) -> 1
A6: 4 | B6: =ROUNDUP(A6/7,0) -> 1
A7: 5 | B7: =ROUNDUP(A7/7,0) -> 1
A8: 6 | B8: =ROUNDUP(A8/7,0) -> 1
A9: 7 | B9: =ROUNDUP(A9/7,0) -> 1
A10: 8 | B10: =ROUNDUP(A10/7,0) -> 2
A11: 9 | B11: =ROUNDUP(A11/7,0) -> 2
A12: 10 | B12: =ROUNDUP(A12/7,0) -> 2
A13: 11 | B13: =ROUNDUP(A13/7,0) -> 2
A14: 12 | B14: =ROUNDUP(A14/7,0) -> 2
A15: 13 | B15: =ROUNDUP(A15/7,0) -> 2
... A92: 90 | B92: =ROUNDUP(A92/7,0) -> 13

Sheet Semanal
A1: REGISTRO SEMANAL — MEDIDAS E DESAFIOS (amarelo = preencher · demais colunas = automáticas)
A2: Semana | B2: Peso (kg) | C2: Cintura (cm) | D2: Quadril (cm) | E2: Peitoral (cm) | F2: Braço (cm) | G2: Coxa (cm) | H2: % Gordura | I2: Faixa do desafio | J2: Água média (L) | K2: Sono médio (h) | L2: Humor médio | M2: Treinos cumpridos | N2: Adesão | O2: Notas da semana
A3: 1 | B3: 84 | C3: 96 | D3: 103 | E3: 104 | F3: 36.5 | G3: 58 | H3: 24.5 | I3: Bronze | J3: =IFERROR(AVERAGEIFS(Diário!E:E,Diário!B:B,A3),"") -> 2.8 | K3: =IFERROR(AVERAGEIFS(Diário!F:F,Diário!B:B,A3),"") -> 7.5 | L3: =IFERROR(AVERAGEIFS(Diário!G:G,Diário!B:B,A3),"") -> 4 | M3: =COUNTIFS(Diário!B:B,A3,Diário!D:D,"Sim") -> 1 | N3: =M3/7 -> 0.14285714 | O3: Exemplo — substitua pelos seus dados
A4: 2 | J4: =IFERROR(AVERAGEIFS(Diário!E:E,Diário!B:B,A4),"") | K4: =IFERROR(AVERAGEIFS(Diário!F:F,Diário!B:B,A4),"") | L4: =IFERROR(AVERAGEIFS(Diário!G:G,Diário!B:B,A4),"") | M4: =COUNTIFS(Diário!B:B,A4,Diário!D:D,"Sim") -> 0 | N4: =M4/7 -> 0
A5: 3 | J5: =IFERROR(AVERAGEIFS(Diário!E:E,Diário!B:B,A5),"") | K5: =IFERROR(AVERAGEIFS(Diário!F:F,Diário!B:B,A5),"") | L5: =IFERROR(AVERAGEIFS(Diário!G:G,Diário!B:B,A5),"") | M5: =COUNTIFS(Diário!B:B,A5,Diário!D:D,"Sim") -> 0 | N5: =M5/7 -> 0
A6: 4 | J6: =IFERROR(AVERAGEIFS(Diário!E:E,Diário!B:B,A6),"") | K6: =IFERROR(AVERAGEIFS(Diário!F:F,Diário!B:B,A6),"") | L6: =IFERROR(AVERAGEIFS(Diário!G:G,Diário!B:B,A6),"") | M6: =COUNTIFS(Diário!B:B,A6,Diário!D:D,"Sim") -> 0 | N6: =M6/7 -> 0
A7: 5 | J7: =IFERROR(AVERAGEIFS(Diário!E:E,Diário!B:B,A7),"") | K7: =IFERROR(AVERAGEIFS(Diário!F:F,Diário!B:B,A7),"") | L7: =IFERROR(AVERAGEIFS(Diário!G:G,Diário!B:B,A7),"") | M7: =COUNTIFS(Diário!B:B,A7,Diário!D:D,"Sim") -> 0 | N7: =M7/7 -> 0
A8: 6 | J8: =IFERROR(AVERAGEIFS(Diário!E:E,Diário!B:B,A8),"") | K8: =IFERROR(AVERAGEIFS(Diário!F:F,Diário!B:B,A8),"") | L8: =IFERROR(AVERAGEIFS(Diário!G:G,Diário!B:B,A8),"") | M8: =COUNTIFS(Diário!B:B,A8,Diário!D:D,"Sim") -> 0 | N8: =M8/7 -> 0
A9: 7 | J9: =IFERROR(AVERAGEIFS(Diário!E:E,Diário!B:B,A9),"") | K9: =IFERROR(AVERAGEIFS(Diário!F:F,Diário!B:B,A9),"") | L9: =IFERROR(AVERAGEIFS(Diário!G:G,Diário!B:B,A9),"") | M9: =COUNTIFS(Diário!B:B,A9,Diário!D:D,"Sim") -> 0 | N9: =M9/7 -> 0
A10: 8 | J10: =IFERROR(AVERAGEIFS(Diário!E:E,Diário!B:B,A10),"") | K10: =IFERROR(AVERAGEIFS(Diário!F:F,Diário!B:B,A10),"") | L10: =IFERROR(AVERAGEIFS(Diário!G:G,Diário!B:B,A10),"") | M10: =COUNTIFS(Diário!B:B,A10,Diário!D:D,"Sim") -> 0 | N10: =M10/7 -> 0
A11: 9 | J11: =IFERROR(AVERAGEIFS(Diário!E:E,Diário!B:B,A11),"") | K11: =IFERROR(AVERAGEIFS(Diário!F:F,Diário!B:B,A11),"") | L11: =IFERROR(AVERAGEIFS(Diário!G:G,Diário!B:B,A11),"") | M11: =COUNTIFS(Diário!B:B,A11,Diário!D:D,"Sim") -> 0 | N11: =M11/7 -> 0
A12: 10 | J12: =IFERROR(AVERAGEIFS(Diário!E:E,Diário!B:B,A12),"") | K12: =IFERROR(AVERAGEIFS(Diário!F:F,Diário!B:B,A12),"") | L12: =IFERROR(AVERAGEIFS(Diário!G:G,Diário!B:B,A12),"") | M12: =COUNTIFS(Diário!B:B,A12,Diário!D:D,"Sim") -> 0 | N12: =M12/7 -> 0
A13: 11 | J13: =IFERROR(AVERAGEIFS(Diário!E:E,Diário!B:B,A13),"") | K13: =IFERROR(AVERAGEIFS(Diário!F:F,Diário!B:B,A13),"") | L13: =IFERROR(AVERAGEIFS(Diário!G:G,Diário!B:B,A13),"") | M13: =COUNTIFS(Diário!B:B,A13,Diário!D:D,"Sim") -> 0 | N13: =M13/7 -> 0
A14: 12 | J14: =IFERROR(AVERAGEIFS(Diário!E:E,Diário!B:B,A14),"") | K14: =IFERROR(AVERAGEIFS(Diário!F:F,Diário!B:B,A14),"") | L14: =IFERROR(AVERAGEIFS(Diário!G:G,Diário!B:B,A14),"") | M14: =COUNTIFS(Diário!B:B,A14,Diário!D:D,"Sim") -> 0 | N14: =M14/7 -> 0
A15: 13 | J15: =IFERROR(AVERAGEIFS(Diário!E:E,Diário!B:B,A15),"") | K15: =IFERROR(AVERAGEIFS(Diário!F:F,Diário!B:B,A15),"") | L15: =IFERROR(AVERAGEIFS(Diário!G:G,Diário!B:B,A15),"") | M15: =COUNTIFS(Diário!B:B,A15,Diário!D:D,"Sim") -> 0 | N15: =M15/6 -> 0

Sheet Avaliações
A1: BATERIA DE TESTES — DIAS 0, 30, 60 E 90 (amarelo = preencher)
A3: Teste | B3: Dia 0 | C3: Dia 30 | D3: Dia 60 | E3: Dia 90 | F3: Evolução (Dia 90 − Dia 0)
A4: Flexões em 2 min (reps) | F4: =IF(OR(B4="",E4=""),"",E4-B4)
A5: Agachamentos em 2 min (reps) | F5: =IF(OR(B5="",E5=""),"",E5-B5)
A6: Abdominais em 2 min (reps) | F6: =IF(OR(B6="",E6=""),"",E6-B6)
A7: Barra fixa — máximo (reps) | F7: =IF(OR(B7="",E7=""),"",E7-B7)
A8: Prancha — tempo máximo (s) | F8: =IF(OR(B8="",E8=""),"",E8-B8)
A9: Corrida 3,2 km (min) | F9: =IF(OR(B9="",E9=""),"",E9-B9)
A10: Corda — saltos em 2 min | F10: =IF(OR(B10="",E10=""),"",E10-B10)
A12: Na corrida, evolução NEGATIVA é boa (menos minutos). Nos demais testes, evolução positiva é boa.
A14: Antropometria | B14: Dia 0 | C14: Dia 30 | D14: Dia 60 | E14: Dia 90 | F14: Evolução (Dia 90 − Dia 0)
A15: Peso (kg) | F15: =IF(OR(B15="",E15=""),"",E15-B15)
A16: Cintura (cm) | F16: =IF(OR(B16="",E16=""),"",E16-B16)
A17: Quadril (cm) | F17: =IF(OR(B17="",E17=""),"",E17-B17)
A18: Peitoral (cm) | F18: =IF(OR(B18="",E18=""),"",E18-B18)
A19: Braço (cm) | F19: =IF(OR(B19="",E19=""),"",E19-B19)
A20: Coxa (cm) | F20: =IF(OR(B20="",E20=""),"",E20-B20)
A21: % Gordura | F21: =IF(OR(B21="",E21=""),"",E21-B21)
A23: Indicador cintura/estatura (meta < 0,55): | B23: Estatura (cm): | C23: 166 | D23: Índice atual: | E23: =IF(OR(C23="",E16=""),"",E16/C23)
